<?xml version="1.0" encoding="UTF-8"?>

<!-- DTD 파일 : XML태그 및 속성을 정의하는 파일 -->
<!DOCTYPE mapper
    PUBLIC "-//mybatis.org//DTD Mapper 3.0//EN"
    "http://mybatis.org/dtd/mybatis-3-mapper.dtd">


<!-- SQL문 끝에 세미콜론은 붙이지 않는다! 오류!! -->
<mapper namespace="com.study.springboot.dao.noticeDao">
	<!-- 전체출력 -->
	<select id="noticeList" resultType="com.study.springboot.dto.noticeDto">
		select * from NOTICE order by N_IDX desc
	</select>

	<!-- 저장하기 -->
	<insert id="noticeWriteAction">
	insert into notice 
		values ( N_IDX_SEQ.NEXTVAL , #{param1},#{param2},#{param3},sysdate)
	</insert>
	
	<!-- 행 수정 -->
	<update id="noticeUpdateAction"  >
	update notice set N_TITLE=#{param1} , N_CONTENT=#{param2} , N_WRITER=#{param3}
	where N_IDX = #{param4}
	</update>	
	
	<!-- 단건 조회 - 한 행만 -->
	<select id="noticeModifyView" resultType="com.study.springboot.dto.noticeDto">
	select * from notice where N_IDX = #{param1}
	</select>
	
	<!-- 행 삭제 -->
	<delete id="noticeDeleteAction">
		delete FROM notice
		WHERE N_IDX=#{param1}
	</delete>
	
	
	
	
	
	
	
	 <!-- 게시글 갯수 조회 -->
	<select id="noticeCount" resultType="int">
	select count(*) from NOTICE
	</select>
	
	<!-- 게시물 1~5 , 6~10 조회하게하는 쿼리문 (페이징처리를 위한)-->
	<select id="betweenList" resultType="com.study.springboot.dto.noticeDto">
		select B.* from
		(select rownum R , NOTICE.* from NOTICE order by N_IDX desc) B
		where R between #{param1} and #{param2}
	</select>
	
	<!--제목검색-->
	<select id="betweenListTitle" resultType="com.study.springboot.dto.noticeDto">
		select B.* from
			(select rownum R , NOTICE.* from NOTICE 
			where N_TITLE LIKE '%' ||  #{param3} || '%'
	    	order by N_IDX desc) B
		where R between #{param1} and #{param2}
	</select>
	
	<!-- 제목 게시물 총 개수 -->
	<select id="titleCount" resultType="int">
		select count(*) from NOTICE where N_TITLE LIKE '%' ||  #{param1} || '%'
	</select>
	
	<!-- 글쓴이 검색 -->
	<select id="betweenListWrite" resultType="com.study.springboot.dto.noticeDto">
		select B.* from
			(select rownum R , notice.* from notice 
			where N_WRITER LIKE '%' ||  #{param3} || '%'
	    	order by N_IDX desc) B
		where R between #{param1} and #{param2}
	</select>
	
	<!-- 글쓴이 게시물 총 개수 -->
	<select id="writeCount" resultType="int">
		select count(*) from NOTICE where N_WRITER LIKE '%' ||  #{param1} || '%'
	</select>
	
	
	
	
	
	
</mapper>    

