<?xml version="1.0" encoding="UTF-8"?>

<!-- DTD 파일 : XML태그 및 속성을 정의하는 파일 -->
<!DOCTYPE mapper
    PUBLIC "-//mybatis.org//DTD Mapper 3.0//EN"
    "http://mybatis.org/dtd/mybatis-3-mapper.dtd">


<!-- SQL문 끝에 세미콜론은 붙이지 않는다! 오류!! -->
<mapper namespace="com.study.springboot.dao.productDao">

<select id="productList" resultType="com.study.springboot.dto.productDto">
	select * from PRODUCT order by P_IDX desc
</select>
	
	
	
	
	
	
	<!-- 저장하기 -->
	<insert id="productWriteAction">
	insert into PRODUCT 
		values ( P_IDX_SEQ.NEXTVAL , #{param1},#{param2},#{param3},
		#{param4},#{param5},#{param6},#{param7},sysdate,0)
	</insert>
	
	
	<!-- 이미지 이름,경로 삭제 -->
	<delete id="imgDelNamePath">
	update PRODUCT set P_FILENAME1 = null, P_FILEPATH = null
	where P_IDX = #{param1}
	</delete>
	
	
	<!-- 행 수정 -->
	<update id="productUpdateAction" >
	update PRODUCT set P_NAME=#{param2} , P_CODE=#{param3} , P_FILENAME1=#{param4} ,
	P_FILEPATH=#{param5},P_CATEGORY=#{param6},P_PRICE=#{param7}, P_STOCK=#{param8}
	where P_IDX = #{param1}
	</update>	
	
	<!-- 상품행 삭제 -->
	<delete id="productDeleteAction">
		delete FROM PRODUCT
		WHERE P_IDX=#{param1}
	</delete>
	
	
	
	
	<!-- 단건 조회 - 한 행만 -->
	<select id="productModifyView" resultType="com.study.springboot.dto.productDto">
	select * from PRODUCT where P_IDX = #{param1}
	</select>
	
	
	 <!-- 게시글 갯수 조회 -->
	<select id="productCount" resultType="int">
	select count(*) from PRODUCT
	</select>
	
	<!-- 게시물 1~5 , 6~10 조회하게하는 쿼리문 (페이징처리를 위한)-->
	<select id="betweenList" resultType="com.study.springboot.dto.productDto">
		select B.* from
		(select rownum R , PRODUCT.* from PRODUCT order by P_IDX desc) B
		where R between #{param1} and #{param2}
	</select>
	
	<!--이름 검색-->
	<select id="betweenListName" resultType="com.study.springboot.dto.productDto">
		select B.* from
			(select rownum R , PRODUCT.* from PRODUCT 
			where P_NAME LIKE '%' ||  #{param3} || '%'
	    	order by P_IDX desc) B
		where R between #{param1} and #{param2}
	</select>
	
	<!-- 이름 게시물 총 개수 -->
	<select id="nameCount" resultType="int">
		select count(*) from PRODUCT where P_NAME LIKE '%' ||  #{param1} || '%'
	</select>
	
	<!-- 카테고리별 정렬 -->
	<select id="betweenListCategory" resultType="com.study.springboot.dto.productDto">
	select A.* from
		(SELECT rownum R, PRODUCT.* from product where P_CATEGORY = #{param3} order by P_IDX desc) A
	where R between #{param1} and #{param2}
	</select>
	
	<!-- 콜드브루 게시물 총 개수 -->
	<select id="categoryType1Count" resultType="int">
		select count(*) from PRODUCT where P_CATEGORY = #{param1} 
	</select>
	<!-- 원두 게시물 총 개수 -->
	<select id="categoryType2Count" resultType="int">
		select count(*) from PRODUCT where P_CATEGORY = #{param1} 
	</select>
	<!-- 스틱 게시물 총 개수 -->
	<select id="categoryType3Count" resultType="int">
		select count(*) from PRODUCT where P_CATEGORY = #{param1} 
	</select>

	
	
	
	
	
	
	
	
	
	
	
	
	
	
	
</mapper>    

